title,abstract,publish_time,journal,source_x,authors
COVID-19 and its impact on global health,This paper discusses the impact of COVID-19 on global health systems.,2020-01-01,Nature,Elsevier,Smith J
Vaccine development for SARS-CoV-2,Research on vaccines for SARS-CoV-2 and their effectiveness.,2020-01-02,Science,Springer,Johnson A
Effects of lockdown on mental health,Study on the psychological effects of lockdowns during COVID-19.,2020-01-03,The Lancet,Wiley,Lee K
AI in predicting COVID-19 spread,Application of artificial intelligence in predicting virus spread.,2020-01-04,BMJ,Oxford,Brown T
Clinical trials for antiviral drugs,Overview of clinical trials on different antiviral drugs.,2020-01-05,JAMA,ArXiv,Garcia M
Long-term effects of coronavirus infection,Investigation into long-term health issues post infection.,2020-01-06,Nature,Elsevier,Smith J
COVID-19 testing strategies worldwide,Evaluation of testing strategies implemented worldwide.,2020-01-07,Science,Springer,Johnson A
Genomic analysis of SARS-CoV-2,Genomic analysis and mutations in SARS-CoV-2 virus.,2020-01-08,The Lancet,Wiley,Lee K
Epidemiological modeling of pandemic,Mathematical models for studying pandemic spread.,2020-01-09,BMJ,Oxford,Brown T
Public health policies during COVID-19,Analysis of different public health policies during COVID-19.,2020-01-10,JAMA,ArXiv,Garcia M
COVID-19 and its impact on global health,This paper discusses the impact of COVID-19 on global health systems.,2020-01-11,Nature,Elsevier,Smith J
Vaccine development for SARS-CoV-2,Research on vaccines for SARS-CoV-2 and their effectiveness.,2020-01-12,Science,Springer,Johnson A
Effects of lockdown on mental health,Study on the psychological effects of lockdowns during COVID-19.,2020-01-13,The Lancet,Wiley,Lee K
AI in predicting COVID-19 spread,Application of artificial intelligence in predicting virus spread.,2020-01-14,BMJ,Oxford,Brown T
Clinical trials for antiviral drugs,Overview of clinical trials on different antiviral drugs.,2020-01-15,JAMA,ArXiv,Garcia M
Long-term effects of coronavirus infection,Investigation into long-term health issues post infection.,2020-01-16,Nature,Elsevier,Smith J
COVID-19 testing strategies worldwide,Evaluation of testing strategies implemented worldwide.,2020-01-17,Science,Springer,Johnson A
Genomic analysis of SARS-CoV-2,Genomic analysis and mutations in SARS-CoV-2 virus.,2020-01-18,The Lancet,Wiley,Lee K
Epidemiological modeling of pandemic,Mathematical models for studying pandemic spread.,2020-01-19,BMJ,Oxford,Brown T
Public health policies during COVID-19,Analysis of different public health policies during COVID-19.,2020-01-20,JAMA,ArXiv,Garcia M
COVID-19 and its impact on global health,This paper discusses the impact of COVID-19 on global health systems.,2020-01-21,Nature,Elsevier,Smith J
Vaccine development for SARS-CoV-2,Research on vaccines for SARS-CoV-2 and their effectiveness.,2020-01-22,Science,Springer,Johnson A
Effects of lockdown on mental health,Study on the psychological effects of lockdowns during COVID-19.,2020-01-23,The Lancet,Wiley,Lee K
AI in predicting COVID-19 spread,Application of artificial intelligence in predicting virus spread.,2020-01-24,BMJ,Oxford,Brown T
Clinical trials for antiviral drugs,Overview of clinical trials on different antiviral drugs.,2020-01-25,JAMA,ArXiv,Garcia M
Long-term effects of coronavirus infection,Investigation into long-term health issues post infection.,2020-01-26,Nature,Elsevier,Smith J
COVID-19 testing strategies worldwide,Evaluation of testing strategies implemented worldwide.,2020-01-27,Science,Springer,Johnson A
Genomic analysis of SARS-CoV-2,Genomic analysis and mutations in SARS-CoV-2 virus.,2020-01-28,The Lancet,Wiley,Lee K
Epidemiological modeling of pandemic,Mathematical models for studying pandemic spread.,2020-01-29,BMJ,Oxford,Brown T
Public health policies during COVID-19,Analysis of different public health policies during COVID-19.,2020-01-30,JAMA,ArXiv,Garcia M
COVID-19 and its impact on global health,This paper discusses the impact of COVID-19 on global health systems.,2020-01-31,Nature,Elsevier,Smith J
Vaccine development for SARS-CoV-2,Research on vaccines for SARS-CoV-2 and their effectiveness.,2020-02-01,Science,Springer,Johnson A
Effects of lockdown on mental health,Study on the psychological effects of lockdowns during COVID-19.,2020-02-02,The Lancet,Wiley,Lee K
AI in predicting COVID-19 spread,Application of artificial intelligence in predicting virus spread.,2020-02-03,BMJ,Oxford,Brown T
Clinical trials for antiviral drugs,Overview of clinical trials on different antiviral drugs.,2020-02-04,JAMA,ArXiv,Garcia M
Long-term effects of coronavirus infection,Investigation into long-term health issues post infection.,2020-02-05,Nature,Elsevier,Smith J
COVID-19 testing strategies worldwide,Evaluation of testing strategies implemented worldwide.,2020-02-06,Science,Springer,Johnson A
Genomic analysis of SARS-CoV-2,Genomic analysis and mutations in SARS-CoV-2 virus.,2020-02-07,The Lancet,Wiley,Lee K
Epidemiological modeling of pandemic,Mathematical models for studying pandemic spread.,2020-02-08,BMJ,Oxford,Brown T
Public health policies during COVID-19,Analysis of different public health policies during COVID-19.,2020-02-09,JAMA,ArXiv,Garcia M
COVID-19 and its impact on global health,This paper discusses the impact of COVID-19 on global health systems.,2020-02-10,Nature,Elsevier,Smith J
Vaccine development for SARS-CoV-2,Research on vaccines for SARS-CoV-2 and their effectiveness.,2020-02-11,Science,Springer,Johnson A
Effects of lockdown on mental health,Study on the psychological effects of lockdowns during COVID-19.,2020-02-12,The Lancet,Wiley,Lee K
AI in predicting COVID-19 spread,Application of artificial intelligence in predicting virus spread.,2020-02-13,BMJ,Oxford,Brown T
Clinical trials for antiviral drugs,Overview of clinical trials on different antiviral drugs.,2020-02-14,JAMA,ArXiv,Garcia M
Long-term effects of coronavirus infection,Investigation into long-term health issues post infection.,2020-02-15,Nature,Elsevier,Smith J
COVID-19 testing strategies worldwide,Evaluation of testing strategies implemented worldwide.,2020-02-16,Science,Springer,Johnson A
Genomic analysis of SARS-CoV-2,Genomic analysis and mutations in SARS-CoV-2 virus.,2020-02-17,The Lancet,Wiley,Lee K
Epidemiological modeling of pandemic,Mathematical models for studying pandemic spread.,2020-02-18,BMJ,Oxford,Brown T
Public health policies during COVID-19,Analysis of different public health policies during COVID-19.,2020-02-19,JAMA,ArXiv,Garcia M
COVID-19 and its impact on global health,This paper discusses the impact of COVID-19 on global health systems.,2020-02-20,Nature,Elsevier,Smith J
Vaccine development for SARS-CoV-2,Research on vaccines for SARS-CoV-2 and their effectiveness.,2020-02-21,Science,Springer,Johnson A
Effects of lockdown on mental health,Study on the psychological effects of lockdowns during COVID-19.,2020-02-22,The Lancet,Wiley,Lee K
AI in predicting COVID-19 spread,Application of artificial intelligence in predicting virus spread.,2020-02-23,BMJ,Oxford,Brown T
Clinical trials for antiviral drugs,Overview of clinical trials on different antiviral drugs.,2020-02-24,JAMA,ArXiv,Garcia M
Long-term effects of coronavirus infection,Investigation into long-term health issues post infection.,2020-02-25,Nature,Elsevier,Smith J
COVID-19 testing strategies worldwide,Evaluation of testing strategies implemented worldwide.,2020-02-26,Science,Springer,Johnson A
Genomic analysis of SARS-CoV-2,Genomic analysis and mutations in SARS-CoV-2 virus.,2020-02-27,The Lancet,Wiley,Lee K
Epidemiological modeling of pandemic,Mathematical models for studying pandemic spread.,2020-02-28,BMJ,Oxford,Brown T
Public health policies during COVID-19,Analysis of different public health policies during COVID-19.,2020-02-29,JAMA,ArXiv,Garcia M
COVID-19 and its impact on global health,This paper discusses the impact of COVID-19 on global health systems.,2020-03-01,Nature,Elsevier,Smith J
Vaccine development for SARS-CoV-2,Research on vaccines for SARS-CoV-2 and their effectiveness.,2020-03-02,Science,Springer,Johnson A
Effects of lockdown on mental health,Study on the psychological effects of lockdowns during COVID-19.,2020-03-03,The Lancet,Wiley,Lee K
AI in predicting COVID-19 spread,Application of artificial intelligence in predicting virus spread.,2020-03-04,BMJ,Oxford,Brown T
Clinical trials for antiviral drugs,Overview of clinical trials on different antiviral drugs.,2020-03-05,JAMA,ArXiv,Garcia M
Long-term effects of coronavirus infection,Investigation into long-term health issues post infection.,2020-03-06,Nature,Elsevier,Smith J
COVID-19 testing strategies worldwide,Evaluation of testing strategies implemented worldwide.,2020-03-07,Science,Springer,Johnson A
Genomic analysis of SARS-CoV-2,Genomic analysis and mutations in SARS-CoV-2 virus.,2020-03-08,The Lancet,Wiley,Lee K
Epidemiological modeling of pandemic,Mathematical models for studying pandemic spread.,2020-03-09,BMJ,Oxford,Brown T
Public health policies during COVID-19,Analysis of different public health policies during COVID-19.,2020-03-10,JAMA,ArXiv,Garcia M
COVID-19 and its impact on global health,This paper discusses the impact of COVID-19 on global health systems.,2020-03-11,Nature,Elsevier,Smith J
Vaccine development for SARS-CoV-2,Research on vaccines for SARS-CoV-2 and their effectiveness.,2020-03-12,Science,Springer,Johnson A
Effects of lockdown on mental health,Study on the psychological effects of lockdowns during COVID-19.,2020-03-13,The Lancet,Wiley,Lee K
AI in predicting COVID-19 spread,Application of artificial intelligence in predicting virus spread.,2020-03-14,BMJ,Oxford,Brown T
Clinical trials for antiviral drugs,Overview of clinical trials on different antiviral drugs.,2020-03-15,JAMA,ArXiv,Garcia M
Long-term effects of coronavirus infection,Investigation into long-term health issues post infection.,2020-03-16,Nature,Elsevier,Smith J
COVID-19 testing strategies worldwide,Evaluation of testing strategies implemented worldwide.,2020-03-17,Science,Springer,Johnson A
Genomic analysis of SARS-CoV-2,Genomic analysis and mutations in SARS-CoV-2 virus.,2020-03-18,The Lancet,Wiley,Lee K
Epidemiological modeling of pandemic,Mathematical models for studying pandemic spread.,2020-03-19,BMJ,Oxford,Brown T
Public health policies during COVID-19,Analysis of different public health policies during COVID-19.,2020-03-20,JAMA,ArXiv,Garcia M
COVID-19 and its impact on global health,This paper discusses the impact of COVID-19 on global health systems.,2020-03-21,Nature,Elsevier,Smith J
Vaccine development for SARS-CoV-2,Research on vaccines for SARS-CoV-2 and their effectiveness.,2020-03-22,Science,Springer,Johnson A
Effects of lockdown on mental health,Study on the psychological effects of lockdowns during COVID-19.,2020-03-23,The Lancet,Wiley,Lee K
AI in predicting COVID-19 spread,Application of artificial intelligence in predicting virus spread.,2020-03-24,BMJ,Oxford,Brown T
Clinical trials for antiviral drugs,Overview of clinical trials on different antiviral drugs.,2020-03-25,JAMA,ArXiv,Garcia M
Long-term effects of coronavirus infection,Investigation into long-term health issues post infection.,2020-03-26,Nature,Elsevier,Smith J
COVID-19 testing strategies worldwide,Evaluation of testing strategies implemented worldwide.,2020-03-27,Science,Springer,Johnson A
Genomic analysis of SARS-CoV-2,Genomic analysis and mutations in SARS-CoV-2 virus.,2020-03-28,The Lancet,Wiley,Lee K
Epidemiological modeling of pandemic,Mathematical models for studying pandemic spread.,2020-03-29,BMJ,Oxford,Brown T
Public health policies during COVID-19,Analysis of different public health policies during COVID-19.,2020-03-30,JAMA,ArXiv,Garcia M
COVID-19 and its impact on global health,This paper discusses the impact of COVID-19 on global health systems.,2020-03-31,Nature,Elsevier,Smith J
Vaccine development for SARS-CoV-2,Research on vaccines for SARS-CoV-2 and their effectiveness.,2020-04-01,Science,Springer,Johnson A
Effects of lockdown on mental health,Study on the psychological effects of lockdowns during COVID-19.,2020-04-02,The Lancet,Wiley,Lee K
AI in predicting COVID-19 spread,Application of artificial intelligence in predicting virus spread.,2020-04-03,BMJ,Oxford,Brown T
Clinical trials for antiviral drugs,Overview of clinical trials on different antiviral drugs.,2020-04-04,JAMA,ArXiv,Garcia M
Long-term effects of coronavirus infection,Investigation into long-term health issues post infection.,2020-04-05,Nature,Elsevier,Smith J
COVID-19 testing strategies worldwide,Evaluation of testing strategies implemented worldwide.,2020-04-06,Science,Springer,Johnson A
Genomic analysis of SARS-CoV-2,Genomic analysis and mutations in SARS-CoV-2 virus.,2020-04-07,The Lancet,Wiley,Lee K
Epidemiological modeling of pandemic,Mathematical models for studying pandemic spread.,2020-04-08,BMJ,Oxford,Brown T
Public health policies during COVID-19,Analysis of different public health policies during COVID-19.,2020-04-09,JAMA,ArXiv,Garcia M
COVID-19 and its impact on global health,This paper discusses the impact of COVID-19 on global health systems.,2020-04-10,Nature,Elsevier,Smith J
Vaccine development for SARS-CoV-2,Research on vaccines for SARS-CoV-2 and their effectiveness.,2020-04-11,Science,Springer,Johnson A
Effects of lockdown on mental health,Study on the psychological effects of lockdowns during COVID-19.,2020-04-12,The Lancet,Wiley,Lee K
AI in predicting COVID-19 spread,Application of artificial intelligence in predicting virus spread.,2020-04-13,BMJ,Oxford,Brown T
Clinical trials for antiviral drugs,Overview of clinical trials on different antiviral drugs.,2020-04-14,JAMA,ArXiv,Garcia M
Long-term effects of coronavirus infection,Investigation into long-term health issues post infection.,2020-04-15,Nature,Elsevier,Smith J
COVID-19 testing strategies worldwide,Evaluation of testing strategies implemented worldwide.,2020-04-16,Science,Springer,Johnson A
Genomic analysis of SARS-CoV-2,Genomic analysis and mutations in SARS-CoV-2 virus.,2020-04-17,The Lancet,Wiley,Lee K
Epidemiological modeling of pandemic,Mathematical models for studying pandemic spread.,2020-04-18,BMJ,Oxford,Brown T
Public health policies during COVID-19,Analysis of different public health policies during COVID-19.,2020-04-19,JAMA,ArXiv,Garcia M
COVID-19 and its impact on global health,This paper discusses the impact of COVID-19 on global health systems.,2020-04-20,Nature,Elsevier,Smith J
Vaccine development for SARS-CoV-2,Research on vaccines for SARS-CoV-2 and their effectiveness.,2020-04-21,Science,Springer,Johnson A
Effects of lockdown on mental health,Study on the psychological effects of lockdowns during COVID-19.,2020-04-22,The Lancet,Wiley,Lee K
AI in predicting COVID-19 spread,Application of artificial intelligence in predicting virus spread.,2020-04-23,BMJ,Oxford,Brown T
Clinical trials for antiviral drugs,Overview of clinical trials on different antiviral drugs.,2020-04-24,JAMA,ArXiv,Garcia M
Long-term effects of coronavirus infection,Investigation into long-term health issues post infection.,2020-04-25,Nature,Elsevier,Smith J
COVID-19 testing strategies worldwide,Evaluation of testing strategies implemented worldwide.,2020-04-26,Science,Springer,Johnson A
Genomic analysis of SARS-CoV-2,Genomic analysis and mutations in SARS-CoV-2 virus.,2020-04-27,The Lancet,Wiley,Lee K
Epidemiological modeling of pandemic,Mathematical models for studying pandemic spread.,2020-04-28,BMJ,Oxford,Brown T
Public health policies during COVID-19,Analysis of different public health policies during COVID-19.,2020-04-29,JAMA,ArXiv,Garcia M
COVID-19 and its impact on global health,This paper discusses the impact of COVID-19 on global health systems.,2020-04-30,Nature,Elsevier,Smith J
Vaccine development for SARS-CoV-2,Research on vaccines for SARS-CoV-2 and their effectiveness.,2020-05-01,Science,Springer,Johnson A
Effects of lockdown on mental health,Study on the psychological effects of lockdowns during COVID-19.,2020-05-02,The Lancet,Wiley,Lee K
AI in predicting COVID-19 spread,Application of artificial intelligence in predicting virus spread.,2020-05-03,BMJ,Oxford,Brown T
Clinical trials for antiviral drugs,Overview of clinical trials on different antiviral drugs.,2020-05-04,JAMA,ArXiv,Garcia M
Long-term effects of coronavirus infection,Investigation into long-term health issues post infection.,2020-05-05,Nature,Elsevier,Smith J
COVID-19 testing strategies worldwide,Evaluation of testing strategies implemented worldwide.,2020-05-06,Science,Springer,Johnson A
Genomic analysis of SARS-CoV-2,Genomic analysis and mutations in SARS-CoV-2 virus.,2020-05-07,The Lancet,Wiley,Lee K
Epidemiological modeling of pandemic,Mathematical models for studying pandemic spread.,2020-05-08,BMJ,Oxford,Brown T
Public health policies during COVID-19,Analysis of different public health policies during COVID-19.,2020-05-09,JAMA,ArXiv,Garcia M
COVID-19 and its impact on global health,This paper discusses the impact of COVID-19 on global health systems.,2020-05-10,Nature,Elsevier,Smith J
Vaccine development for SARS-CoV-2,Research on vaccines for SARS-CoV-2 and their effectiveness.,2020-05-11,Science,Springer,Johnson A
Effects of lockdown on mental health,Study on the psychological effects of lockdowns during COVID-19.,2020-05-12,The Lancet,Wiley,Lee K
AI in predicting COVID-19 spread,Application of artificial intelligence in predicting virus spread.,2020-05-13,BMJ,Oxford,Brown T
Clinical trials for antiviral drugs,Overview of clinical trials on different antiviral drugs.,2020-05-14,JAMA,ArXiv,Garcia M
Long-term effects of coronavirus infection,Investigation into long-term health issues post infection.,2020-05-15,Nature,Elsevier,Smith J
COVID-19 testing strategies worldwide,Evaluation of testing strategies implemented worldwide.,2020-05-16,Science,Springer,Johnson A
Genomic analysis of SARS-CoV-2,Genomic analysis and mutations in SARS-CoV-2 virus.,2020-05-17,The Lancet,Wiley,Lee K
Epidemiological modeling of pandemic,Mathematical models for studying pandemic spread.,2020-05-18,BMJ,Oxford,Brown T
Public health policies during COVID-19,Analysis of different public health policies during COVID-19.,2020-05-19,JAMA,ArXiv,Garcia M
COVID-19 and its impact on global health,This paper discusses the impact of COVID-19 on global health systems.,2020-05-20,Nature,Elsevier,Smith J
Vaccine development for SARS-CoV-2,Research on vaccines for SARS-CoV-2 and their effectiveness.,2020-05-21,Science,Springer,Johnson A
Effects of lockdown on mental health,Study on the psychological effects of lockdowns during COVID-19.,2020-05-22,The Lancet,Wiley,Lee K
AI in predicting COVID-19 spread,Application of artificial intelligence in predicting virus spread.,2020-05-23,BMJ,Oxford,Brown T
Clinical trials for antiviral drugs,Overview of clinical trials on different antiviral drugs.,2020-05-24,JAMA,ArXiv,Garcia M
Long-term effects of coronavirus infection,Investigation into long-term health issues post infection.,2020-05-25,Nature,Elsevier,Smith J
COVID-19 testing strategies worldwide,Evaluation of testing strategies implemented worldwide.,2020-05-26,Science,Springer,Johnson A
Genomic analysis of SARS-CoV-2,Genomic analysis and mutations in SARS-CoV-2 virus.,2020-05-27,The Lancet,Wiley,Lee K
Epidemiological modeling of pandemic,Mathematical models for studying pandemic spread.,2020-05-28,BMJ,Oxford,Brown T
Public health policies during COVID-19,Analysis of different public health policies during COVID-19.,2020-05-29,JAMA,ArXiv,Garcia M
COVID-19 and its impact on global health,This paper discusses the impact of COVID-19 on global health systems.,2020-05-30,Nature,Elsevier,Smith J
Vaccine development for SARS-CoV-2,Research on vaccines for SARS-CoV-2 and their effectiveness.,2020-05-31,Science,Springer,Johnson A
Effects of lockdown on mental health,Study on the psychological effects of lockdowns during COVID-19.,2020-06-01,The Lancet,Wiley,Lee K
AI in predicting COVID-19 spread,Application of artificial intelligence in predicting virus spread.,2020-06-02,BMJ,Oxford,Brown T
Clinical trials for antiviral drugs,Overview of clinical trials on different antiviral drugs.,2020-06-03,JAMA,ArXiv,Garcia M
Long-term effects of coronavirus infection,Investigation into long-term health issues post infection.,2020-06-04,Nature,Elsevier,Smith J
COVID-19 testing strategies worldwide,Evaluation of testing strategies implemented worldwide.,2020-06-05,Science,Springer,Johnson A
Genomic analysis of SARS-CoV-2,Genomic analysis and mutations in SARS-CoV-2 virus.,2020-06-06,The Lancet,Wiley,Lee K
Epidemiological modeling of pandemic,Mathematical models for studying pandemic spread.,2020-06-07,BMJ,Oxford,Brown T
Public health policies during COVID-19,Analysis of different public health policies during COVID-19.,2020-06-08,JAMA,ArXiv,Garcia M
COVID-19 and its impact on global health,This paper discusses the impact of COVID-19 on global health systems.,2020-06-09,Nature,Elsevier,Smith J
Vaccine development for SARS-CoV-2,Research on vaccines for SARS-CoV-2 and their effectiveness.,2020-06-10,Science,Springer,Johnson A
Effects of lockdown on mental health,Study on the psychological effects of lockdowns during COVID-19.,2020-06-11,The Lancet,Wiley,Lee K
AI in predicting COVID-19 spread,Application of artificial intelligence in predicting virus spread.,2020-06-12,BMJ,Oxford,Brown T
Clinical trials for antiviral drugs,Overview of clinical trials on different antiviral drugs.,2020-06-13,JAMA,ArXiv,Garcia M
Long-term effects of coronavirus infection,Investigation into long-term health issues post infection.,2020-06-14,Nature,Elsevier,Smith J
COVID-19 testing strategies worldwide,Evaluation of testing strategies implemented worldwide.,2020-06-15,Science,Springer,Johnson A
Genomic analysis of SARS-CoV-2,Genomic analysis and mutations in SARS-CoV-2 virus.,2020-06-16,The Lancet,Wiley,Lee K
Epidemiological modeling of pandemic,Mathematical models for studying pandemic spread.,2020-06-17,BMJ,Oxford,Brown T
Public health policies during COVID-19,Analysis of different public health policies during COVID-19.,2020-06-18,JAMA,ArXiv,Garcia M
COVID-19 and its impact on global health,This paper discusses the impact of COVID-19 on global health systems.,2020-06-19,Nature,Elsevier,Smith J
Vaccine development for SARS-CoV-2,Research on vaccines for SARS-CoV-2 and their effectiveness.,2020-06-20,Science,Springer,Johnson A
Effects of lockdown on mental health,Study on the psychological effects of lockdowns during COVID-19.,2020-06-21,The Lancet,Wiley,Lee K
AI in predicting COVID-19 spread,Application of artificial intelligence in predicting virus spread.,2020-06-22,BMJ,Oxford,Brown T
Clinical trials for antiviral drugs,Overview of clinical trials on different antiviral drugs.,2020-06-23,JAMA,ArXiv,Garcia M
Long-term effects of coronavirus infection,Investigation into long-term health issues post infection.,2020-06-24,Nature,Elsevier,Smith J
COVID-19 testing strategies worldwide,Evaluation of testing strategies implemented worldwide.,2020-06-25,Science,Springer,Johnson A
Genomic analysis of SARS-CoV-2,Genomic analysis and mutations in SARS-CoV-2 virus.,2020-06-26,The Lancet,Wiley,Lee K
Epidemiological modeling of pandemic,Mathematical models for studying pandemic spread.,2020-06-27,BMJ,Oxford,Brown T
Public health policies during COVID-19,Analysis of different public health policies during COVID-19.,2020-06-28,JAMA,ArXiv,Garcia M
COVID-19 and its impact on global health,This paper discusses the impact of COVID-19 on global health systems.,2020-06-29,Nature,Elsevier,Smith J
Vaccine development for SARS-CoV-2,Research on vaccines for SARS-CoV-2 and their effectiveness.,2020-06-30,Science,Springer,Johnson A
Effects of lockdown on mental health,Study on the psychological effects of lockdowns during COVID-19.,2020-07-01,The Lancet,Wiley,Lee K
AI in predicting COVID-19 spread,Application of artificial intelligence in predicting virus spread.,2020-07-02,BMJ,Oxford,Brown T
Clinical trials for antiviral drugs,Overview of clinical trials on different antiviral drugs.,2020-07-03,JAMA,ArXiv,Garcia M
Long-term effects of coronavirus infection,Investigation into long-term health issues post infection.,2020-07-04,Nature,Elsevier,Smith J
COVID-19 testing strategies worldwide,Evaluation of testing strategies implemented worldwide.,2020-07-05,Science,Springer,Johnson A
Genomic analysis of SARS-CoV-2,Genomic analysis and mutations in SARS-CoV-2 virus.,2020-07-06,The Lancet,Wiley,Lee K
Epidemiological modeling of pandemic,Mathematical models for studying pandemic spread.,2020-07-07,BMJ,Oxford,Brown T
Public health policies during COVID-19,Analysis of different public health policies during COVID-19.,2020-07-08,JAMA,ArXiv,Garcia M
COVID-19 and its impact on global health,This paper discusses the impact of COVID-19 on global health systems.,2020-07-09,Nature,Elsevier,Smith J
Vaccine development for SARS-CoV-2,Research on vaccines for SARS-CoV-2 and their effectiveness.,2020-07-10,Science,Springer,Johnson A
Effects of lockdown on mental health,Study on the psychological effects of lockdowns during COVID-19.,2020-07-11,The Lancet,Wiley,Lee K
AI in predicting COVID-19 spread,Application of artificial intelligence in predicting virus spread.,2020-07-12,BMJ,Oxford,Brown T
Clinical trials for antiviral drugs,Overview of clinical trials on different antiviral drugs.,2020-07-13,JAMA,ArXiv,Garcia M
Long-term effects of coronavirus infection,Investigation into long-term health issues post infection.,2020-07-14,Nature,Elsevier,Smith J
COVID-19 testing strategies worldwide,Evaluation of testing strategies implemented worldwide.,2020-07-15,Science,Springer,Johnson A
Genomic analysis of SARS-CoV-2,Genomic analysis and mutations in SARS-CoV-2 virus.,2020-07-16,The Lancet,Wiley,Lee K
Epidemiological modeling of pandemic,Mathematical models for studying pandemic spread.,2020-07-17,BMJ,Oxford,Brown T
Public health policies during COVID-19,Analysis of different public health policies during COVID-19.,2020-07-18,JAMA,ArXiv,Garcia M
COVID-19 and its impact on global health,This paper discusses the impact of COVID-19 on global health systems.,2020-07-19,Nature,Elsevier,Smith J
Vaccine development for SARS-CoV-2,Research on vaccines for SARS-CoV-2 and their effectiveness.,2020-07-20,Science,Springer,Johnson A
Effects of lockdown on mental health,Study on the psychological effects of lockdowns during COVID-19.,2020-07-21,The Lancet,Wiley,Lee K
AI in predicting COVID-19 spread,Application of artificial intelligence in predicting virus spread.,2020-07-22,BMJ,Oxford,Brown T
Clinical trials for antiviral drugs,Overview of clinical trials on different antiviral drugs.,2020-07-23,JAMA,ArXiv,Garcia M
Long-term effects of coronavirus infection,Investigation into long-term health issues post infection.,2020-07-24,Nature,Elsevier,Smith J
COVID-19 testing strategies worldwide,Evaluation of testing strategies implemented worldwide.,2020-07-25,Science,Springer,Johnson A
Genomic analysis of SARS-CoV-2,Genomic analysis and mutations in SARS-CoV-2 virus.,2020-07-26,The Lancet,Wiley,Lee K
Epidemiological modeling of pandemic,Mathematical models for studying pandemic spread.,2020-07-27,BMJ,Oxford,Brown T
Public health policies during COVID-19,Analysis of different public health policies during COVID-19.,2020-07-28,JAMA,ArXiv,Garcia M
COVID-19 and its impact on global health,This paper discusses the impact of COVID-19 on global health systems.,2020-07-29,Nature,Elsevier,Smith J
Vaccine development for SARS-CoV-2,Research on vaccines for SARS-CoV-2 and their effectiveness.,2020-07-30,Science,Springer,Johnson A
Effects of lockdown on mental health,Study on the psychological effects of lockdowns during COVID-19.,2020-07-31,The Lancet,Wiley,Lee K
AI in predicting COVID-19 spread,Application of artificial intelligence in predicting virus spread.,2020-08-01,BMJ,Oxford,Brown T
Clinical trials for antiviral drugs,Overview of clinical trials on different antiviral drugs.,2020-08-02,JAMA,ArXiv,Garcia M
Long-term effects of coronavirus infection,Investigation into long-term health issues post infection.,2020-08-03,Nature,Elsevier,Smith J
COVID-19 testing strategies worldwide,Evaluation of testing strategies implemented worldwide.,2020-08-04,Science,Springer,Johnson A
Genomic analysis of SARS-CoV-2,Genomic analysis and mutations in SARS-CoV-2 virus.,2020-08-05,The Lancet,Wiley,Lee K
Epidemiological modeling of pandemic,Mathematical models for studying pandemic spread.,2020-08-06,BMJ,Oxford,Brown T
Public health policies during COVID-19,Analysis of different public health policies during COVID-19.,2020-08-07,JAMA,ArXiv,Garcia M
COVID-19 and its impact on global health,This paper discusses the impact of COVID-19 on global health systems.,2020-08-08,Nature,Elsevier,Smith J
Vaccine development for SARS-CoV-2,Research on vaccines for SARS-CoV-2 and their effectiveness.,2020-08-09,Science,Springer,Johnson A
Effects of lockdown on mental health,Study on the psychological effects of lockdowns during COVID-19.,2020-08-10,The Lancet,Wiley,Lee K
AI in predicting COVID-19 spread,Application of artificial intelligence in predicting virus spread.,2020-08-11,BMJ,Oxford,Brown T
Clinical trials for antiviral drugs,Overview of clinical trials on different antiviral drugs.,2020-08-12,JAMA,ArXiv,Garcia M
Long-term effects of coronavirus infection,Investigation into long-term health issues post infection.,2020-08-13,Nature,Elsevier,Smith J
COVID-19 testing strategies worldwide,Evaluation of testing strategies implemented worldwide.,2020-08-14,Science,Springer,Johnson A
Genomic analysis of SARS-CoV-2,Genomic analysis and mutations in SARS-CoV-2 virus.,2020-08-15,The Lancet,Wiley,Lee K
Epidemiological modeling of pandemic,Mathematical models for studying pandemic spread.,2020-08-16,BMJ,Oxford,Brown T
Public health policies during COVID-19,Analysis of different public health policies during COVID-19.,2020-08-17,JAMA,ArXiv,Garcia M
COVID-19 and its impact on global health,This paper discusses the impact of COVID-19 on global health systems.,2020-08-18,Nature,Elsevier,Smith J
Vaccine development for SARS-CoV-2,Research on vaccines for SARS-CoV-2 and their effectiveness.,2020-08-19,Science,Springer,Johnson A
Effects of lockdown on mental health,Study on the psychological effects of lockdowns during COVID-19.,2020-08-20,The Lancet,Wiley,Lee K
AI in predicting COVID-19 spread,Application of artificial intelligence in predicting virus spread.,2020-08-21,BMJ,Oxford,Brown T
Clinical trials for antiviral drugs,Overview of clinical trials on different antiviral drugs.,2020-08-22,JAMA,ArXiv,Garcia M
Long-term effects of coronavirus infection,Investigation into long-term health issues post infection.,2020-08-23,Nature,Elsevier,Smith J
COVID-19 testing strategies worldwide,Evaluation of testing strategies implemented worldwide.,2020-08-24,Science,Springer,Johnson A
Genomic analysis of SARS-CoV-2,Genomic analysis and mutations in SARS-CoV-2 virus.,2020-08-25,The Lancet,Wiley,Lee K
Epidemiological modeling of pandemic,Mathematical models for studying pandemic spread.,2020-08-26,BMJ,Oxford,Brown T
Public health policies during COVID-19,Analysis of different public health policies during COVID-19.,2020-08-27,JAMA,ArXiv,Garcia M
COVID-19 and its impact on global health,This paper discusses the impact of COVID-19 on global health systems.,2020-08-28,Nature,Elsevier,Smith J
Vaccine development for SARS-CoV-2,Research on vaccines for SARS-CoV-2 and their effectiveness.,2020-08-29,Science,Springer,Johnson A
Effects of lockdown on mental health,Study on the psychological effects of lockdowns during COVID-19.,2020-08-30,The Lancet,Wiley,Lee K
AI in predicting COVID-19 spread,Application of artificial intelligence in predicting virus spread.,2020-08-31,BMJ,Oxford,Brown T
Clinical trials for antiviral drugs,Overview of clinical trials on different antiviral drugs.,2020-09-01,JAMA,ArXiv,Garcia M
Long-term effects of coronavirus infection,Investigation into long-term health issues post infection.,2020-09-02,Nature,Elsevier,Smith J
COVID-19 testing strategies worldwide,Evaluation of testing strategies implemented worldwide.,2020-09-03,Science,Springer,Johnson A
Genomic analysis of SARS-CoV-2,Genomic analysis and mutations in SARS-CoV-2 virus.,2020-09-04,The Lancet,Wiley,Lee K
Epidemiological modeling of pandemic,Mathematical models for studying pandemic spread.,2020-09-05,BMJ,Oxford,Brown T
Public health policies during COVID-19,Analysis of different public health policies during COVID-19.,2020-09-06,JAMA,ArXiv,Garcia M
COVID-19 and its impact on global health,This paper discusses the impact of COVID-19 on global health systems.,2020-09-07,Nature,Elsevier,Smith J
Vaccine development for SARS-CoV-2,Research on vaccines for SARS-CoV-2 and their effectiveness.,2020-09-08,Science,Springer,Johnson A
Effects of lockdown on mental health,Study on the psychological effects of lockdowns during COVID-19.,2020-09-09,The Lancet,Wiley,Lee K
AI in predicting COVID-19 spread,Application of artificial intelligence in predicting virus spread.,2020-09-10,BMJ,Oxford,Brown T
Clinical trials for antiviral drugs,Overview of clinical trials on different antiviral drugs.,2020-09-11,JAMA,ArXiv,Garcia M
Long-term effects of coronavirus infection,Investigation into long-term health issues post infection.,2020-09-12,Nature,Elsevier,Smith J
COVID-19 testing strategies worldwide,Evaluation of testing strategies implemented worldwide.,2020-09-13,Science,Springer,Johnson A
Genomic analysis of SARS-CoV-2,Genomic analysis and mutations in SARS-CoV-2 virus.,2020-09-14,The Lancet,Wiley,Lee K
Epidemiological modeling of pandemic,Mathematical models for studying pandemic spread.,2020-09-15,BMJ,Oxford,Brown T
Public health policies during COVID-19,Analysis of different public health policies during COVID-19.,2020-09-16,JAMA,ArXiv,Garcia M
COVID-19 and its impact on global health,This paper discusses the impact of COVID-19 on global health systems.,2020-09-17,Nature,Elsevier,Smith J
Vaccine development for SARS-CoV-2,Research on vaccines for SARS-CoV-2 and their effectiveness.,2020-09-18,Science,Springer,Johnson A
Effects of lockdown on mental health,Study on the psychological effects of lockdowns during COVID-19.,2020-09-19,The Lancet,Wiley,Lee K
AI in predicting COVID-19 spread,Application of artificial intelligence in predicting virus spread.,2020-09-20,BMJ,Oxford,Brown T
Clinical trials for antiviral drugs,Overview of clinical trials on different antiviral drugs.,2020-09-21,JAMA,ArXiv,Garcia M
Long-term effects of coronavirus infection,Investigation into long-term health issues post infection.,2020-09-22,Nature,Elsevier,Smith J
COVID-19 testing strategies worldwide,Evaluation of testing strategies implemented worldwide.,2020-09-23,Science,Springer,Johnson A
Genomic analysis of SARS-CoV-2,Genomic analysis and mutations in SARS-CoV-2 virus.,2020-09-24,The Lancet,Wiley,Lee K
Epidemiological modeling of pandemic,Mathematical models for studying pandemic spread.,2020-09-25,BMJ,Oxford,Brown T
Public health policies during COVID-19,Analysis of different public health policies during COVID-19.,2020-09-26,JAMA,ArXiv,Garcia M
COVID-19 and its impact on global health,This paper discusses the impact of COVID-19 on global health systems.,2020-09-27,Nature,Elsevier,Smith J
Vaccine development for SARS-CoV-2,Research on vaccines for SARS-CoV-2 and their effectiveness.,2020-09-28,Science,Springer,Johnson A
Effects of lockdown on mental health,Study on the psychological effects of lockdowns during COVID-19.,2020-09-29,The Lancet,Wiley,Lee K
AI in predicting COVID-19 spread,Application of artificial intelligence in predicting virus spread.,2020-09-30,BMJ,Oxford,Brown T
Clinical trials for antiviral drugs,Overview of clinical trials on different antiviral drugs.,2020-10-01,JAMA,ArXiv,Garcia M
Long-term effects of coronavirus infection,Investigation into long-term health issues post infection.,2020-10-02,Nature,Elsevier,Smith J
COVID-19 testing strategies worldwide,Evaluation of testing strategies implemented worldwide.,2020-10-03,Science,Springer,Johnson A
Genomic analysis of SARS-CoV-2,Genomic analysis and mutations in SARS-CoV-2 virus.,2020-10-04,The Lancet,Wiley,Lee K
Epidemiological modeling of pandemic,Mathematical models for studying pandemic spread.,2020-10-05,BMJ,Oxford,Brown T
Public health policies during COVID-19,Analysis of different public health policies during COVID-19.,2020-10-06,JAMA,ArXiv,Garcia M
COVID-19 and its impact on global health,This paper discusses the impact of COVID-19 on global health systems.,2020-10-07,Nature,Elsevier,Smith J
Vaccine development for SARS-CoV-2,Research on vaccines for SARS-CoV-2 and their effectiveness.,2020-10-08,Science,Springer,Johnson A
Effects of lockdown on mental health,Study on the psychological effects of lockdowns during COVID-19.,2020-10-09,The Lancet,Wiley,Lee K
AI in predicting COVID-19 spread,Application of artificial intelligence in predicting virus spread.,2020-10-10,BMJ,Oxford,Brown T
Clinical trials for antiviral drugs,Overview of clinical trials on different antiviral drugs.,2020-10-11,JAMA,ArXiv,Garcia M
Long-term effects of coronavirus infection,Investigation into long-term health issues post infection.,2020-10-12,Nature,Elsevier,Smith J
COVID-19 testing strategies worldwide,Evaluation of testing strategies implemented worldwide.,2020-10-13,Science,Springer,Johnson A
Genomic analysis of SARS-CoV-2,Genomic analysis and mutations in SARS-CoV-2 virus.,2020-10-14,The Lancet,Wiley,Lee K
Epidemiological modeling of pandemic,Mathematical models for studying pandemic spread.,2020-10-15,BMJ,Oxford,Brown T
Public health policies during COVID-19,Analysis of different public health policies during COVID-19.,2020-10-16,JAMA,ArXiv,Garcia M
COVID-19 and its impact on global health,This paper discusses the impact of COVID-19 on global health systems.,2020-10-17,Nature,Elsevier,Smith J
Vaccine development for SARS-CoV-2,Research on vaccines for SARS-CoV-2 and their effectiveness.,2020-10-18,Science,Springer,Johnson A
Effects of lockdown on mental health,Study on the psychological effects of lockdowns during COVID-19.,2020-10-19,The Lancet,Wiley,Lee K
AI in predicting COVID-19 spread,Application of artificial intelligence in predicting virus spread.,2020-10-20,BMJ,Oxford,Brown T
Clinical trials for antiviral drugs,Overview of clinical trials on different antiviral drugs.,2020-10-21,JAMA,ArXiv,Garcia M
Long-term effects of coronavirus infection,Investigation into long-term health issues post infection.,2020-10-22,Nature,Elsevier,Smith J
COVID-19 testing strategies worldwide,Evaluation of testing strategies implemented worldwide.,2020-10-23,Science,Springer,Johnson A
Genomic analysis of SARS-CoV-2,Genomic analysis and mutations in SARS-CoV-2 virus.,2020-10-24,The Lancet,Wiley,Lee K
Epidemiological modeling of pandemic,Mathematical models for studying pandemic spread.,2020-10-25,BMJ,Oxford,Brown T
Public health policies during COVID-19,Analysis of different public health policies during COVID-19.,2020-10-26,JAMA,ArXiv,Garcia M
COVID-19 and its impact on global health,This paper discusses the impact of COVID-19 on global health systems.,2020-10-27,Nature,Elsevier,Smith J
Vaccine development for SARS-CoV-2,Research on vaccines for SARS-CoV-2 and their effectiveness.,2020-10-28,Science,Springer,Johnson A
Effects of lockdown on mental health,Study on the psychological effects of lockdowns during COVID-19.,2020-10-29,The Lancet,Wiley,Lee K
AI in predicting COVID-19 spread,Application of artificial intelligence in predicting virus spread.,2020-10-30,BMJ,Oxford,Brown T
Clinical trials for antiviral drugs,Overview of clinical trials on different antiviral drugs.,2020-10-31,JAMA,ArXiv,Garcia M
Long-term effects of coronavirus infection,Investigation into long-term health issues post infection.,2020-11-01,Nature,Elsevier,Smith J
COVID-19 testing strategies worldwide,Evaluation of testing strategies implemented worldwide.,2020-11-02,Science,Springer,Johnson A
Genomic analysis of SARS-CoV-2,Genomic analysis and mutations in SARS-CoV-2 virus.,2020-11-03,The Lancet,Wiley,Lee K
Epidemiological modeling of pandemic,Mathematical models for studying pandemic spread.,2020-11-04,BMJ,Oxford,Brown T
Public health policies during COVID-19,Analysis of different public health policies during COVID-19.,2020-11-05,JAMA,ArXiv,Garcia M
COVID-19 and its impact on global health,This paper discusses the impact of COVID-19 on global health systems.,2020-11-06,Nature,Elsevier,Smith J
Vaccine development for SARS-CoV-2,Research on vaccines for SARS-CoV-2 and their effectiveness.,2020-11-07,Science,Springer,Johnson A
Effects of lockdown on mental health,Study on the psychological effects of lockdowns during COVID-19.,2020-11-08,The Lancet,Wiley,Lee K
AI in predicting COVID-19 spread,Application of artificial intelligence in predicting virus spread.,2020-11-09,BMJ,Oxford,Brown T
Clinical trials for antiviral drugs,Overview of clinical trials on different antiviral drugs.,2020-11-10,JAMA,ArXiv,Garcia M
Long-term effects of coronavirus infection,Investigation into long-term health issues post infection.,2020-11-11,Nature,Elsevier,Smith J
COVID-19 testing strategies worldwide,Evaluation of testing strategies implemented worldwide.,2020-11-12,Science,Springer,Johnson A
Genomic analysis of SARS-CoV-2,Genomic analysis and mutations in SARS-CoV-2 virus.,2020-11-13,The Lancet,Wiley,Lee K
Epidemiological modeling of pandemic,Mathematical models for studying pandemic spread.,2020-11-14,BMJ,Oxford,Brown T
Public health policies during COVID-19,Analysis of different public health policies during COVID-19.,2020-11-15,JAMA,ArXiv,Garcia M
COVID-19 and its impact on global health,This paper discusses the impact of COVID-19 on global health systems.,2020-11-16,Nature,Elsevier,Smith J
Vaccine development for SARS-CoV-2,Research on vaccines for SARS-CoV-2 and their effectiveness.,2020-11-17,Science,Springer,Johnson A
Effects of lockdown on mental health,Study on the psychological effects of lockdowns during COVID-19.,2020-11-18,The Lancet,Wiley,Lee K
AI in predicting COVID-19 spread,Application of artificial intelligence in predicting virus spread.,2020-11-19,BMJ,Oxford,Brown T
Clinical trials for antiviral drugs,Overview of clinical trials on different antiviral drugs.,2020-11-20,JAMA,ArXiv,Garcia M
Long-term effects of coronavirus infection,Investigation into long-term health issues post infection.,2020-11-21,Nature,Elsevier,Smith J
COVID-19 testing strategies worldwide,Evaluation of testing strategies implemented worldwide.,2020-11-22,Science,Springer,Johnson A
Genomic analysis of SARS-CoV-2,Genomic analysis and mutations in SARS-CoV-2 virus.,2020-11-23,The Lancet,Wiley,Lee K
Epidemiological modeling of pandemic,Mathematical models for studying pandemic spread.,2020-11-24,BMJ,Oxford,Brown T
Public health policies during COVID-19,Analysis of different public health policies during COVID-19.,2020-11-25,JAMA,ArXiv,Garcia M
COVID-19 and its impact on global health,This paper discusses the impact of COVID-19 on global health systems.,2020-11-26,Nature,Elsevier,Smith J
Vaccine development for SARS-CoV-2,Research on vaccines for SARS-CoV-2 and their effectiveness.,2020-11-27,Science,Springer,Johnson A
Effects of lockdown on mental health,Study on the psychological effects of lockdowns during COVID-19.,2020-11-28,The Lancet,Wiley,Lee K
AI in predicting COVID-19 spread,Application of artificial intelligence in predicting virus spread.,2020-11-29,BMJ,Oxford,Brown T
Clinical trials for antiviral drugs,Overview of clinical trials on different antiviral drugs.,2020-11-30,JAMA,ArXiv,Garcia M
Long-term effects of coronavirus infection,Investigation into long-term health issues post infection.,2020-12-01,Nature,Elsevier,Smith J
COVID-19 testing strategies worldwide,Evaluation of testing strategies implemented worldwide.,2020-12-02,Science,Springer,Johnson A
Genomic analysis of SARS-CoV-2,Genomic analysis and mutations in SARS-CoV-2 virus.,2020-12-03,The Lancet,Wiley,Lee K
Epidemiological modeling of pandemic,Mathematical models for studying pandemic spread.,2020-12-04,BMJ,Oxford,Brown T
Public health policies during COVID-19,Analysis of different public health policies during COVID-19.,2020-12-05,JAMA,ArXiv,Garcia M
COVID-19 and its impact on global health,This paper discusses the impact of COVID-19 on global health systems.,2020-12-06,Nature,Elsevier,Smith J
Vaccine development for SARS-CoV-2,Research on vaccines for SARS-CoV-2 and their effectiveness.,2020-12-07,Science,Springer,Johnson A
Effects of lockdown on mental health,Study on the psychological effects of lockdowns during COVID-19.,2020-12-08,The Lancet,Wiley,Lee K
AI in predicting COVID-19 spread,Application of artificial intelligence in predicting virus spread.,2020-12-09,BMJ,Oxford,Brown T
Clinical trials for antiviral drugs,Overview of clinical trials on different antiviral drugs.,2020-12-10,JAMA,ArXiv,Garcia M
Long-term effects of coronavirus infection,Investigation into long-term health issues post infection.,2020-12-11,Nature,Elsevier,Smith J
COVID-19 testing strategies worldwide,Evaluation of testing strategies implemented worldwide.,2020-12-12,Science,Springer,Johnson A
Genomic analysis of SARS-CoV-2,Genomic analysis and mutations in SARS-CoV-2 virus.,2020-12-13,The Lancet,Wiley,Lee K
Epidemiological modeling of pandemic,Mathematical models for studying pandemic spread.,2020-12-14,BMJ,Oxford,Brown T
Public health policies during COVID-19,Analysis of different public health policies during COVID-19.,2020-12-15,JAMA,ArXiv,Garcia M
COVID-19 and its impact on global health,This paper discusses the impact of COVID-19 on global health systems.,2020-12-16,Nature,Elsevier,Smith J
Vaccine development for SARS-CoV-2,Research on vaccines for SARS-CoV-2 and their effectiveness.,2020-12-17,Science,Springer,Johnson A
Effects of lockdown on mental health,Study on the psychological effects of lockdowns during COVID-19.,2020-12-18,The Lancet,Wiley,Lee K
AI in predicting COVID-19 spread,Application of artificial intelligence in predicting virus spread.,2020-12-19,BMJ,Oxford,Brown T
Clinical trials for antiviral drugs,Overview of clinical trials on different antiviral drugs.,2020-12-20,JAMA,ArXiv,Garcia M
Long-term effects of coronavirus infection,Investigation into long-term health issues post infection.,2020-12-21,Nature,Elsevier,Smith J
COVID-19 testing strategies worldwide,Evaluation of testing strategies implemented worldwide.,2020-12-22,Science,Springer,Johnson A
Genomic analysis of SARS-CoV-2,Genomic analysis and mutations in SARS-CoV-2 virus.,2020-12-23,The Lancet,Wiley,Lee K
Epidemiological modeling of pandemic,Mathematical models for studying pandemic spread.,2020-12-24,BMJ,Oxford,Brown T
Public health policies during COVID-19,Analysis of different public health policies during COVID-19.,2020-12-25,JAMA,ArXiv,Garcia M
COVID-19 and its impact on global health,This paper discusses the impact of COVID-19 on global health systems.,2020-12-26,Nature,Elsevier,Smith J
Vaccine development for SARS-CoV-2,Research on vaccines for SARS-CoV-2 and their effectiveness.,2020-12-27,Science,Springer,Johnson A
Effects of lockdown on mental health,Study on the psychological effects of lockdowns during COVID-19.,2020-12-28,The Lancet,Wiley,Lee K
AI in predicting COVID-19 spread,Application of artificial intelligence in predicting virus spread.,2020-12-29,BMJ,Oxford,Brown T
Clinical trials for antiviral drugs,Overview of clinical trials on different antiviral drugs.,2020-12-30,JAMA,ArXiv,Garcia M
Long-term effects of coronavirus infection,Investigation into long-term health issues post infection.,2020-12-31,Nature,Elsevier,Smith J
COVID-19 testing strategies worldwide,Evaluation of testing strategies implemented worldwide.,2021-01-01,Science,Springer,Johnson A
Genomic analysis of SARS-CoV-2,Genomic analysis and mutations in SARS-CoV-2 virus.,2021-01-02,The Lancet,Wiley,Lee K
Epidemiological modeling of pandemic,Mathematical models for studying pandemic spread.,2021-01-03,BMJ,Oxford,Brown T
Public health policies during COVID-19,Analysis of different public health policies during COVID-19.,2021-01-04,JAMA,ArXiv,Garcia M
COVID-19 and its impact on global health,This paper discusses the impact of COVID-19 on global health systems.,2021-01-05,Nature,Elsevier,Smith J
Vaccine development for SARS-CoV-2,Research on vaccines for SARS-CoV-2 and their effectiveness.,2021-01-06,Science,Springer,Johnson A
Effects of lockdown on mental health,Study on the psychological effects of lockdowns during COVID-19.,2021-01-07,The Lancet,Wiley,Lee K
AI in predicting COVID-19 spread,Application of artificial intelligence in predicting virus spread.,2021-01-08,BMJ,Oxford,Brown T
Clinical trials for antiviral drugs,Overview of clinical trials on different antiviral drugs.,2021-01-09,JAMA,ArXiv,Garcia M
Long-term effects of coronavirus infection,Investigation into long-term health issues post infection.,2021-01-10,Nature,Elsevier,Smith J
COVID-19 testing strategies worldwide,Evaluation of testing strategies implemented worldwide.,2021-01-11,Science,Springer,Johnson A
Genomic analysis of SARS-CoV-2,Genomic analysis and mutations in SARS-CoV-2 virus.,2021-01-12,The Lancet,Wiley,Lee K
Epidemiological modeling of pandemic,Mathematical models for studying pandemic spread.,2021-01-13,BMJ,Oxford,Brown T
Public health policies during COVID-19,Analysis of different public health policies during COVID-19.,2021-01-14,JAMA,ArXiv,Garcia M
COVID-19 and its impact on global health,This paper discusses the impact of COVID-19 on global health systems.,2021-01-15,Nature,Elsevier,Smith J
Vaccine development for SARS-CoV-2,Research on vaccines for SARS-CoV-2 and their effectiveness.,2021-01-16,Science,Springer,Johnson A
Effects of lockdown on mental health,Study on the psychological effects of lockdowns during COVID-19.,2021-01-17,The Lancet,Wiley,Lee K
AI in predicting COVID-19 spread,Application of artificial intelligence in predicting virus spread.,2021-01-18,BMJ,Oxford,Brown T
Clinical trials for antiviral drugs,Overview of clinical trials on different antiviral drugs.,2021-01-19,JAMA,ArXiv,Garcia M
Long-term effects of coronavirus infection,Investigation into long-term health issues post infection.,2021-01-20,Nature,Elsevier,Smith J
COVID-19 testing strategies worldwide,Evaluation of testing strategies implemented worldwide.,2021-01-21,Science,Springer,Johnson A
Genomic analysis of SARS-CoV-2,Genomic analysis and mutations in SARS-CoV-2 virus.,2021-01-22,The Lancet,Wiley,Lee K
Epidemiological modeling of pandemic,Mathematical models for studying pandemic spread.,2021-01-23,BMJ,Oxford,Brown T
Public health policies during COVID-19,Analysis of different public health policies during COVID-19.,2021-01-24,JAMA,ArXiv,Garcia M
COVID-19 and its impact on global health,This paper discusses the impact of COVID-19 on global health systems.,2021-01-25,Nature,Elsevier,Smith J
Vaccine development for SARS-CoV-2,Research on vaccines for SARS-CoV-2 and their effectiveness.,2021-01-26,Science,Springer,Johnson A
Effects of lockdown on mental health,Study on the psychological effects of lockdowns during COVID-19.,2021-01-27,The Lancet,Wiley,Lee K
AI in predicting COVID-19 spread,Application of artificial intelligence in predicting virus spread.,2021-01-28,BMJ,Oxford,Brown T
Clinical trials for antiviral drugs,Overview of clinical trials on different antiviral drugs.,2021-01-29,JAMA,ArXiv,Garcia M
Long-term effects of coronavirus infection,Investigation into long-term health issues post infection.,2021-01-30,Nature,Elsevier,Smith J
COVID-19 testing strategies worldwide,Evaluation of testing strategies implemented worldwide.,2021-01-31,Science,Springer,Johnson A
Genomic analysis of SARS-CoV-2,Genomic analysis and mutations in SARS-CoV-2 virus.,2021-02-01,The Lancet,Wiley,Lee K
Epidemiological modeling of pandemic,Mathematical models for studying pandemic spread.,2021-02-02,BMJ,Oxford,Brown T
Public health policies during COVID-19,Analysis of different public health policies during COVID-19.,2021-02-03,JAMA,ArXiv,Garcia M
COVID-19 and its impact on global health,This paper discusses the impact of COVID-19 on global health systems.,2021-02-04,Nature,Elsevier,Smith J
Vaccine development for SARS-CoV-2,Research on vaccines for SARS-CoV-2 and their effectiveness.,2021-02-05,Science,Springer,Johnson A
Effects of lockdown on mental health,Study on the psychological effects of lockdowns during COVID-19.,2021-02-06,The Lancet,Wiley,Lee K
AI in predicting COVID-19 spread,Application of artificial intelligence in predicting virus spread.,2021-02-07,BMJ,Oxford,Brown T
Clinical trials for antiviral drugs,Overview of clinical trials on different antiviral drugs.,2021-02-08,JAMA,ArXiv,Garcia M
Long-term effects of coronavirus infection,Investigation into long-term health issues post infection.,2021-02-09,Nature,Elsevier,Smith J
COVID-19 testing strategies worldwide,Evaluation of testing strategies implemented worldwide.,2021-02-10,Science,Springer,Johnson A
Genomic analysis of SARS-CoV-2,Genomic analysis and mutations in SARS-CoV-2 virus.,2021-02-11,The Lancet,Wiley,Lee K
Epidemiological modeling of pandemic,Mathematical models for studying pandemic spread.,2021-02-12,BMJ,Oxford,Brown T
Public health policies during COVID-19,Analysis of different public health policies during COVID-19.,2021-02-13,JAMA,ArXiv,Garcia M
COVID-19 and its impact on global health,This paper discusses the impact of COVID-19 on global health systems.,2021-02-14,Nature,Elsevier,Smith J
Vaccine development for SARS-CoV-2,Research on vaccines for SARS-CoV-2 and their effectiveness.,2021-02-15,Science,Springer,Johnson A
Effects of lockdown on mental health,Study on the psychological effects of lockdowns during COVID-19.,2021-02-16,The Lancet,Wiley,Lee K
AI in predicting COVID-19 spread,Application of artificial intelligence in predicting virus spread.,2021-02-17,BMJ,Oxford,Brown T
Clinical trials for antiviral drugs,Overview of clinical trials on different antiviral drugs.,2021-02-18,JAMA,ArXiv,Garcia M
Long-term effects of coronavirus infection,Investigation into long-term health issues post infection.,2021-02-19,Nature,Elsevier,Smith J
COVID-19 testing strategies worldwide,Evaluation of testing strategies implemented worldwide.,2021-02-20,Science,Springer,Johnson A
Genomic analysis of SARS-CoV-2,Genomic analysis and mutations in SARS-CoV-2 virus.,2021-02-21,The Lancet,Wiley,Lee K
Epidemiological modeling of pandemic,Mathematical models for studying pandemic spread.,2021-02-22,BMJ,Oxford,Brown T
Public health policies during COVID-19,Analysis of different public health policies during COVID-19.,2021-02-23,JAMA,ArXiv,Garcia M
COVID-19 and its impact on global health,This paper discusses the impact of COVID-19 on global health systems.,2021-02-24,Nature,Elsevier,Smith J
Vaccine development for SARS-CoV-2,Research on vaccines for SARS-CoV-2 and their effectiveness.,2021-02-25,Science,Springer,Johnson A
Effects of lockdown on mental health,Study on the psychological effects of lockdowns during COVID-19.,2021-02-26,The Lancet,Wiley,Lee K
AI in predicting COVID-19 spread,Application of artificial intelligence in predicting virus spread.,2021-02-27,BMJ,Oxford,Brown T
Clinical trials for antiviral drugs,Overview of clinical trials on different antiviral drugs.,2021-02-28,JAMA,ArXiv,Garcia M
Long-term effects of coronavirus infection,Investigation into long-term health issues post infection.,2021-03-01,Nature,Elsevier,Smith J
COVID-19 testing strategies worldwide,Evaluation of testing strategies implemented worldwide.,2021-03-02,Science,Springer,Johnson A
Genomic analysis of SARS-CoV-2,Genomic analysis and mutations in SARS-CoV-2 virus.,2021-03-03,The Lancet,Wiley,Lee K
Epidemiological modeling of pandemic,Mathematical models for studying pandemic spread.,2021-03-04,BMJ,Oxford,Brown T
Public health policies during COVID-19,Analysis of different public health policies during COVID-19.,2021-03-05,JAMA,ArXiv,Garcia M
COVID-19 and its impact on global health,This paper discusses the impact of COVID-19 on global health systems.,2021-03-06,Nature,Elsevier,Smith J
Vaccine development for SARS-CoV-2,Research on vaccines for SARS-CoV-2 and their effectiveness.,2021-03-07,Science,Springer,Johnson A
Effects of lockdown on mental health,Study on the psychological effects of lockdowns during COVID-19.,2021-03-08,The Lancet,Wiley,Lee K
AI in predicting COVID-19 spread,Application of artificial intelligence in predicting virus spread.,2021-03-09,BMJ,Oxford,Brown T
Clinical trials for antiviral drugs,Overview of clinical trials on different antiviral drugs.,2021-03-10,JAMA,ArXiv,Garcia M
Long-term effects of coronavirus infection,Investigation into long-term health issues post infection.,2021-03-11,Nature,Elsevier,Smith J
COVID-19 testing strategies worldwide,Evaluation of testing strategies implemented worldwide.,2021-03-12,Science,Springer,Johnson A
Genomic analysis of SARS-CoV-2,Genomic analysis and mutations in SARS-CoV-2 virus.,2021-03-13,The Lancet,Wiley,Lee K
Epidemiological modeling of pandemic,Mathematical models for studying pandemic spread.,2021-03-14,BMJ,Oxford,Brown T
Public health policies during COVID-19,Analysis of different public health policies during COVID-19.,2021-03-15,JAMA,ArXiv,Garcia M
COVID-19 and its impact on global health,This paper discusses the impact of COVID-19 on global health systems.,2021-03-16,Nature,Elsevier,Smith J
Vaccine development for SARS-CoV-2,Research on vaccines for SARS-CoV-2 and their effectiveness.,2021-03-17,Science,Springer,Johnson A
Effects of lockdown on mental health,Study on the psychological effects of lockdowns during COVID-19.,2021-03-18,The Lancet,Wiley,Lee K
AI in predicting COVID-19 spread,Application of artificial intelligence in predicting virus spread.,2021-03-19,BMJ,Oxford,Brown T
Clinical trials for antiviral drugs,Overview of clinical trials on different antiviral drugs.,2021-03-20,JAMA,ArXiv,Garcia M
Long-term effects of coronavirus infection,Investigation into long-term health issues post infection.,2021-03-21,Nature,Elsevier,Smith J
COVID-19 testing strategies worldwide,Evaluation of testing strategies implemented worldwide.,2021-03-22,Science,Springer,Johnson A
Genomic analysis of SARS-CoV-2,Genomic analysis and mutations in SARS-CoV-2 virus.,2021-03-23,The Lancet,Wiley,Lee K
Epidemiological modeling of pandemic,Mathematical models for studying pandemic spread.,2021-03-24,BMJ,Oxford,Brown T
Public health policies during COVID-19,Analysis of different public health policies during COVID-19.,2021-03-25,JAMA,ArXiv,Garcia M
COVID-19 and its impact on global health,This paper discusses the impact of COVID-19 on global health systems.,2021-03-26,Nature,Elsevier,Smith J
Vaccine development for SARS-CoV-2,Research on vaccines for SARS-CoV-2 and their effectiveness.,2021-03-27,Science,Springer,Johnson A
Effects of lockdown on mental health,Study on the psychological effects of lockdowns during COVID-19.,2021-03-28,The Lancet,Wiley,Lee K
AI in predicting COVID-19 spread,Application of artificial intelligence in predicting virus spread.,2021-03-29,BMJ,Oxford,Brown T
Clinical trials for antiviral drugs,Overview of clinical trials on different antiviral drugs.,2021-03-30,JAMA,ArXiv,Garcia M
Long-term effects of coronavirus infection,Investigation into long-term health issues post infection.,2021-03-31,Nature,Elsevier,Smith J
COVID-19 testing strategies worldwide,Evaluation of testing strategies implemented worldwide.,2021-04-01,Science,Springer,Johnson A
Genomic analysis of SARS-CoV-2,Genomic analysis and mutations in SARS-CoV-2 virus.,2021-04-02,The Lancet,Wiley,Lee K
Epidemiological modeling of pandemic,Mathematical models for studying pandemic spread.,2021-04-03,BMJ,Oxford,Brown T
Public health policies during COVID-19,Analysis of different public health policies during COVID-19.,2021-04-04,JAMA,ArXiv,Garcia M
COVID-19 and its impact on global health,This paper discusses the impact of COVID-19 on global health systems.,2021-04-05,Nature,Elsevier,Smith J
Vaccine development for SARS-CoV-2,Research on vaccines for SARS-CoV-2 and their effectiveness.,2021-04-06,Science,Springer,Johnson A
Effects of lockdown on mental health,Study on the psychological effects of lockdowns during COVID-19.,2021-04-07,The Lancet,Wiley,Lee K
AI in predicting COVID-19 spread,Application of artificial intelligence in predicting virus spread.,2021-04-08,BMJ,Oxford,Brown T
Clinical trials for antiviral drugs,Overview of clinical trials on different antiviral drugs.,2021-04-09,JAMA,ArXiv,Garcia M
Long-term effects of coronavirus infection,Investigation into long-term health issues post infection.,2021-04-10,Nature,Elsevier,Smith J
COVID-19 testing strategies worldwide,Evaluation of testing strategies implemented worldwide.,2021-04-11,Science,Springer,Johnson A
Genomic analysis of SARS-CoV-2,Genomic analysis and mutations in SARS-CoV-2 virus.,2021-04-12,The Lancet,Wiley,Lee K
Epidemiological modeling of pandemic,Mathematical models for studying pandemic spread.,2021-04-13,BMJ,Oxford,Brown T
Public health policies during COVID-19,Analysis of different public health policies during COVID-19.,2021-04-14,JAMA,ArXiv,Garcia M
COVID-19 and its impact on global health,This paper discusses the impact of COVID-19 on global health systems.,2021-04-15,Nature,Elsevier,Smith J
Vaccine development for SARS-CoV-2,Research on vaccines for SARS-CoV-2 and their effectiveness.,2021-04-16,Science,Springer,Johnson A
Effects of lockdown on mental health,Study on the psychological effects of lockdowns during COVID-19.,2021-04-17,The Lancet,Wiley,Lee K
AI in predicting COVID-19 spread,Application of artificial intelligence in predicting virus spread.,2021-04-18,BMJ,Oxford,Brown T
Clinical trials for antiviral drugs,Overview of clinical trials on different antiviral drugs.,2021-04-19,JAMA,ArXiv,Garcia M
Long-term effects of coronavirus infection,Investigation into long-term health issues post infection.,2021-04-20,Nature,Elsevier,Smith J
COVID-19 testing strategies worldwide,Evaluation of testing strategies implemented worldwide.,2021-04-21,Science,Springer,Johnson A
Genomic analysis of SARS-CoV-2,Genomic analysis and mutations in SARS-CoV-2 virus.,2021-04-22,The Lancet,Wiley,Lee K
Epidemiological modeling of pandemic,Mathematical models for studying pandemic spread.,2021-04-23,BMJ,Oxford,Brown T
Public health policies during COVID-19,Analysis of different public health policies during COVID-19.,2021-04-24,JAMA,ArXiv,Garcia M
COVID-19 and its impact on global health,This paper discusses the impact of COVID-19 on global health systems.,2021-04-25,Nature,Elsevier,Smith J
Vaccine development for SARS-CoV-2,Research on vaccines for SARS-CoV-2 and their effectiveness.,2021-04-26,Science,Springer,Johnson A
Effects of lockdown on mental health,Study on the psychological effects of lockdowns during COVID-19.,2021-04-27,The Lancet,Wiley,Lee K
AI in predicting COVID-19 spread,Application of artificial intelligence in predicting virus spread.,2021-04-28,BMJ,Oxford,Brown T
Clinical trials for antiviral drugs,Overview of clinical trials on different antiviral drugs.,2021-04-29,JAMA,ArXiv,Garcia M
Long-term effects of coronavirus infection,Investigation into long-term health issues post infection.,2021-04-30,Nature,Elsevier,Smith J
COVID-19 testing strategies worldwide,Evaluation of testing strategies implemented worldwide.,2021-05-01,Science,Springer,Johnson A
Genomic analysis of SARS-CoV-2,Genomic analysis and mutations in SARS-CoV-2 virus.,2021-05-02,The Lancet,Wiley,Lee K
Epidemiological modeling of pandemic,Mathematical models for studying pandemic spread.,2021-05-03,BMJ,Oxford,Brown T
Public health policies during COVID-19,Analysis of different public health policies during COVID-19.,2021-05-04,JAMA,ArXiv,Garcia M
COVID-19 and its impact on global health,This paper discusses the impact of COVID-19 on global health systems.,2021-05-05,Nature,Elsevier,Smith J
Vaccine development for SARS-CoV-2,Research on vaccines for SARS-CoV-2 and their effectiveness.,2021-05-06,Science,Springer,Johnson A
Effects of lockdown on mental health,Study on the psychological effects of lockdowns during COVID-19.,2021-05-07,The Lancet,Wiley,Lee K
AI in predicting COVID-19 spread,Application of artificial intelligence in predicting virus spread.,2021-05-08,BMJ,Oxford,Brown T
Clinical trials for antiviral drugs,Overview of clinical trials on different antiviral drugs.,2021-05-09,JAMA,ArXiv,Garcia M
Long-term effects of coronavirus infection,Investigation into long-term health issues post infection.,2021-05-10,Nature,Elsevier,Smith J
COVID-19 testing strategies worldwide,Evaluation of testing strategies implemented worldwide.,2021-05-11,Science,Springer,Johnson A
Genomic analysis of SARS-CoV-2,Genomic analysis and mutations in SARS-CoV-2 virus.,2021-05-12,The Lancet,Wiley,Lee K
Epidemiological modeling of pandemic,Mathematical models for studying pandemic spread.,2021-05-13,BMJ,Oxford,Brown T
Public health policies during COVID-19,Analysis of different public health policies during COVID-19.,2021-05-14,JAMA,ArXiv,Garcia M
